city_name,country,location_id,num_users,avg_age,std_age,min_age,max_age,admin_ratio,description,region,desc_length,is_touristique,is_capitale,is_historique,is_moderne
1.1108887429027168,-1.8293679296724636,-0.5878453487194983,-0.7433346876014802,-0.7992023154344263,-0.6087806538013547,-0.5161970195555455,-0.9680930617274216,-1.1005052337841676,-0.7578146559458194,-1.7257407062421648,-0.3915304144093935,0.7329003050503234,-0.4179383795285729,-0.5069608917800194,0
0.3445700124260239,0.9683731588386045,-0.5163270343045163,0.7714913045560816,1.6767208599203811,-0.25632721261244945,1.6660724525235748,1.4394604076532547,0.033731961188786734,0.9769098391961594,-0.035193546813387155,0.8828892404443462,0.7329003050503234,-0.4179383795285729,-0.5069608917800194,0
-0.8709700428128682,1.2708316548938552,-0.6082791528380647,-0.7433346876014802,0.15641715575514847,-0.6087806538013547,0.3728757283285406,-0.0853234562878403,1.1679691561617414,0.04350478089641444,1.317244180729635,-0.4825603897560892,-1.3644420572745384,-0.4179383795285729,1.9725387425622574,0
0.19482957083862418,0.5903000387695413,-1.2417270805136198,-0.7433346876014802,-1.754821786624001,-0.6087806538013547,-1.4052697674396315,-1.850862667167003,1.1679691561617414,1.056161212070666,-0.3733029786991427,-0.846680291142872,0.7329003050503234,-0.4179383795285729,1.9725387425622574,0
-0.08703478979648123,-0.8463778174928991,-0.4550256219488174,0.7714913045560816,0.460477896588195,-0.49129617340505294,0.6153501141151095,0.23568367296291654,0.033731961188786734,1.0473555039734985,-0.035193546813387155,0.3367093883641721,0.7329003050503234,-0.4179383795285729,-0.5069608917800194,0
-1.029518745670115,-1.4512948096034004,0.9957744704693897,-0.7433346876014802,1.7201581086108164,-0.6087806538013547,1.8277220430479542,1.3592086253405655,-1.1005052337841676,-0.46722628873929506,1.6553536126153905,0.06361946232408497,-1.3644420572745384,-0.4179383795285729,-0.5069608917800194,0
1.1725465717916461,-0.6195339454514611,1.510025207453308,-0.7433346876014802,0.6776641400403711,-0.6087806538013547,0.8578244999016784,0.396187237588295,-1.1005052337841676,-0.31752925108744917,0.3029158850723684,0.7918592650976506,-1.3644420572745384,-0.4179383795285729,1.9725387425622574,0
0.7321335082992939,1.1952170308800425,-0.9284087506956032,-0.7433346876014802,1.7201581086108164,-0.6087806538013547,1.8277220430479542,1.3592086253405655,1.1679691561617414,1.1706354173338422,0.9791347488438794,2.157308895298086,0.7329003050503234,-0.4179383795285729,-0.5069608917800194,0
0.08913043560045965,0.13661229468666536,1.5338646455916354,-0.7433346876014802,-1.3204492997196489,-0.6087806538013547,-1.0011457911286834,-1.4496037556035568,1.1679691561617414,0.316481731908604,0.9791347488438794,0.15464943767078065,0.7329003050503234,-0.4179383795285729,1.9725387425622574,0
0.8554491660771525,0.5146854147557286,-1.190642570217204,2.2863172967136434,0.33016615051688936,0.15260579973425847,0.13040134254197167,0.396187237588295,-0.34434710380219813,0.6775157638924676,0.3029158850723684,-2.030069970649916,-1.3644420572745384,-0.4179383795285729,-0.5069608917800194,0
-0.3865156729712807,-0.46830469742383585,1.281847728129318,-0.7433346876014802,0.5039151452786302,-0.6087806538013547,0.6961749093772992,0.23568367296291654,-1.1005052337841676,1.514058033123371,-0.3733029786991427,0.06361946232408497,0.7329003050503234,-0.4179383795285729,-0.5069608917800194,0
0.767366553378682,0.2878415427142907,0.5768814860387805,-0.7433346876014802,-0.19108083376833326,-0.6087806538013547,0.04957654727978201,-0.40633058553859713,1.1679691561617414,0.25484177522843215,-1.7257407062421648,0.6097993144042592,0.7329003050503234,-0.4179383795285729,1.9725387425622574,0
-0.3512826278918925,-1.6025240576310256,0.60753219221663,0.7714913045560816,-1.146700304957908,0.3310951893690594,-1.1627953816530627,-0.9680930617274216,0.033731961188786734,0.9328812987103223,1.317244180729635,0.24567941301747637,0.7329003050503234,-0.4179383795285729,-0.5069608917800194,0
-0.7212296012254684,0.13661229468666536,-0.8671073383399044,2.2863172967136434,-0.3937879943236978,2.41097427066775,-1.3244449721774418,1.0382014960898087,-0.34434710380219813,0.7215443043783046,0.9791347488438794,2.7034887473782603,-1.3644420572745384,-0.4179383795285729,-0.5069608917800194,1
-0.6948048174159273,-0.9976070655205245,-0.6763918332332857,0.7714913045560816,0.24329165313601891,0.566064150161663,0.04957654727978201,0.396187237588295,0.033731961188786734,-0.44080916444779283,-1.0495218424706538,0.3367093883641721,0.7329003050503234,-0.4179383795285729,-0.5069608917800194,0
-1.3642326739243027,-0.3170754493962106,0.5598533159399753,-0.7433346876014802,1.459534616468205,-0.6087806538013547,1.5852476572613852,1.1184532784024979,1.1679691561617414,1.663755070775217,-1.0495218424706538,-0.027410513022610727,0.7329003050503234,-0.4179383795285729,-0.5069608917800194,0
0.11555521941000078,1.1952170308800425,0.6620223365328068,-0.7433346876014802,-0.8860768128152967,-0.6087806538013547,-0.5970218148177351,-1.0483448440401109,-1.1005052337841676,0.5718472667264587,0.9791347488438794,1.4290690925245204,0.7329003050503234,-0.4179383795285729,-0.5069608917800194,0
1.7098505092523157,-0.46830469742383585,1.28865899616884,-0.7433346876014802,1.285785621706464,-0.6087806538013547,1.423598066737006,0.9579497137771195,1.1679691561617414,0.46617876956044985,-0.3733029786991427,0.06361946232408497,0.7329003050503234,-0.4179383795285729,-0.5069608917800194,0
-0.25439175392357505,-0.2414608253823979,0.4644955633866659,-0.7433346876014802,1.5464091138490754,-0.6087806538013547,1.6660724525235748,1.198705060715187,-1.1005052337841676,-1.4974941361078815,-0.035193546813387155,0.8828892404443462,-1.3644420572745384,2.3926972228010794,-0.5069608917800194,0
0.2388708771878594,-1.3756801855895877,-1.1361524259010274,-0.7433346876014802,-0.3648298285300741,-0.6087806538013547,-0.11207304324459728,-0.5668341501639755,-1.1005052337841676,1.426000952151697,0.3029158850723684,-1.3018301678763504,-1.3644420572745384,-0.4179383795285729,-0.5069608917800194,1
0.555968282902353,-0.9219924415067118,-1.057822843446523,-0.7433346876014802,1.3726601190873347,-0.6087806538013547,1.5044228619991955,1.0382014960898087,1.1679691561617414,-1.1452658122211852,-1.0495218424706538,-1.2108001925296548,-1.3644420572745384,-0.4179383795285729,-0.5069608917800194,0
1.0139978689343994,-0.5439193214376485,1.1728674394969643,-0.7433346876014802,0.6776641400403711,-0.6087806538013547,0.8578244999016784,0.396187237588295,1.1679691561617414,-0.6785632830713128,0.6410253169581239,-0.3005004390626978,0.7329003050503234,-0.4179383795285729,1.9725387425622574,0
0.3357617511561769,0.9683731588386045,1.077509686943655,-0.7433346876014802,0.9382876321829824,-0.6087806538013547,1.1002988856882474,0.6369425845263627,-1.1005052337841676,0.968104131098992,-0.035193546813387155,0.7918592650976506,0.7329003050503234,-0.4179383795285729,-0.5069608917800194,0
-0.7564626463048566,0.21222691870047802,-0.56060027656141,-0.7433346876014802,1.3726601190873347,-0.6087806538013547,1.5044228619991955,1.0382014960898087,1.1679691561617414,-1.030791606958009,-1.3876312743564092,-0.11844048836930643,0.7329003050503234,-0.4179383795285729,-0.5069608917800194,0
0.43265262512449437,-0.16584620136858524,1.421478722939521,2.2863172967136434,0.2722498189296426,0.06269908208820121,0.29205093306635094,0.396187237588295,0.41181102617977144,0.8800470501273179,1.317244180729635,-0.7556503157961763,0.7329003050503234,-0.4179383795285729,-0.5069608917800194,0
-1.804645737416655,-0.8463778174928991,1.1354054652795926,0.7714913045560816,-0.40826707722050937,-0.49129617340505294,-0.19289783850678693,-0.5668341501639755,-1.1005052337841676,0.39573310478311063,-0.035193546813387155,0.06361946232408497,-1.3644420572745384,-0.4179383795285729,-0.5069608917800194,0
1.6217678965538453,-1.526909433617213,1.0502646147855665,0.7714913045560816,-0.9729513101961672,0.09612622857645578,-0.9203209958664937,-0.8878412794147325,-1.1005052337841676,1.5492808655120407,-1.3876312743564092,1.1559791664844332,0.7329003050503234,-0.4179383795285729,-0.5069608917800194,0
-1.3994657190036908,0.43907079074191596,-0.2813382869410039,2.2863172967136434,0.04058449258065375,0.4464017883108044,-0.031248247982407634,0.396187237588295,-0.34434710380219813,0.7831842610584765,1.6553536126153905,-0.027410513022610727,0.7329003050503234,-0.4179383795285729,-0.5069608917800194,0
-1.0119022231304209,0.7415292867971666,0.8323040375208592,0.7714913045560816,-0.7123278180535558,-0.6087806538013547,-0.43537222429335587,-0.8878412794147325,-1.1005052337841676,-0.10619225675543144,-0.035193546813387155,0.15464943767078065,-1.3644420572745384,-0.4179383795285729,-0.5069608917800194,0
0.2212543546481653,0.8927585348247918,-1.1599918640393547,-0.7433346876014802,-0.8860768128152967,-0.6087806538013547,-0.5970218148177351,-1.0483448440401109,-1.1005052337841676,0.48379018575478466,0.3029158850723684,-1.392860143223046,0.7329003050503234,-0.4179383795285729,-0.5069608917800194,0
0.6969004632199057,-1.8293679296724636,-0.5844397146997373,-0.7433346876014802,0.4170406478977598,-0.6087806538013547,0.6153501141151095,0.15543189065022733,1.1679691561617414,1.5845036979007103,-1.7257407062421648,-0.4825603897560892,-1.3644420572745384,-0.4179383795285729,1.9725387425622574,0
-1.7165631247181843,-1.4512948096034004,1.0025857385089119,-0.7433346876014802,0.4170406478977598,-0.6087806538013547,0.6153501141151095,0.15543189065022733,1.1679691561617414,-0.16783221343560328,1.6553536126153905,0.06361946232408497,0.7329003050503234,-0.4179383795285729,-0.5069608917800194,0
-0.8181204751937858,0.8927585348247918,-1.1565862300195937,-0.7433346876014802,-1.146700304957908,-0.6087806538013547,-0.8394962006043041,-1.2891001909781785,-1.1005052337841676,-0.8722888612089956,0.3029158850723684,-1.3018301678763504,0.7329003050503234,-0.4179383795285729,-0.5069608917800194,0
0.362186534965718,-1.6781386816448383,-1.5788848484699638,-0.7433346876014802,-1.146700304957908,-0.6087806538013547,-0.8394962006043041,-1.2891001909781785,1.1679691561617414,0.8272128015443134,0.3029158850723684,-1.5749200939164376,-1.3644420572745384,-0.4179383795285729,-0.5069608917800194,0
-1.1087930970987383,-0.6195339454514611,1.506619573433547,-0.7433346876014802,-1.8416962840048716,-0.6087806538013547,-1.4860945627018212,-1.9311144494796921,-1.1005052337841676,-0.07096942436676182,0.3029158850723684,1.0649491911377376,0.7329003050503234,-0.4179383795285729,-0.5069608917800194,0
1.2782457070298106,-1.300065561575775,1.220546315773619,-0.7433346876014802,1.3726601190873347,-0.6087806538013547,1.5044228619991955,1.0382014960898087,-1.1005052337841676,0.360510272394441,0.3029158850723684,0.24567941301747637,-1.3644420572745384,-0.4179383795285729,-0.5069608917800194,0
1.163738310521799,-0.6195339454514611,-0.8807298744189486,-0.7433346876014802,-0.017331839006592388,-0.6087806538013547,0.2112261378041613,-0.24582702091321873,1.1679691561617414,-0.3263349591846166,0.3029158850723684,0.7008292897509548,-1.3644420572745384,-0.4179383795285729,1.9725387425622574,0
0.8818739498866937,-1.6025240576310256,-0.9828988950117801,-0.7433346876014802,0.24329165313601891,-0.6087806538013547,0.4537005235907302,-0.005071673975151085,1.1679691561617414,1.188246833528177,1.317244180729635,-1.756980044609829,0.7329003050503234,-0.4179383795285729,-0.5069608917800194,0
0.28291218353709463,0.21222691870047802,-0.567411544600932,-0.7433346876014802,-0.19108083376833326,-0.6087806538013547,0.04957654727978201,-0.40633058553859713,-1.1005052337841676,-0.5200605373222995,-1.3876312743564092,0.06361946232408497,0.7329003050503234,-0.4179383795285729,-0.5069608917800194,0
0.04508912925122443,-1.6781386816448383,-1.5822904824897248,0.7714913045560816,0.37360339920732455,0.21361070897275758,0.29205093306635094,0.396187237588295,0.033731961188786734,-0.026940883880924797,0.3029158850723684,-0.846680291142872,0.7329003050503234,-0.4179383795285729,-0.5069608917800194,1
0.9171069949660818,-1.526909433617213,-1.3370848330669292,-0.7433346876014802,0.7645386374212415,-0.6087806538013547,0.9386492951638681,0.4764390199009842,1.1679691561617414,0.6510986396009654,-1.3876312743564092,-1.392860143223046,0.7329003050503234,-0.4179383795285729,-0.5069608917800194,0
-1.3906574577338437,0.43907079074191596,0.5155800736830817,0.7714913045560816,0.06954265837427805,1.2709710325394732,-0.3545474290311662,0.4764390199009842,0.033731961188786734,0.7919899691556439,1.6553536126153905,-0.11844048836930643,0.7329003050503234,-0.4179383795285729,-0.5069608917800194,0
-1.5315896380513965,1.2708316548938552,0.9821519343903454,-0.7433346876014802,0.5907896426595006,-0.6087806538013547,0.7769997046394888,0.31593545527560574,-1.1005052337841676,-1.0043744826665066,1.317244180729635,0.6097993144042592,0.7329003050503234,-0.4179383795285729,-0.5069608917800194,0
-1.5844392056704788,1.2708316548938552,-0.6184960548973478,-0.7433346876014802,1.5464091138490754,-0.6087806538013547,1.6660724525235748,1.198705060715187,-1.1005052337841676,-1.3742142227475378,1.317244180729635,-0.4825603897560892,-1.3644420572745384,2.3926972228010794,-0.5069608917800194,0
-1.047135268209809,-1.2244509375619623,0.07965891915366735,-0.7433346876014802,0.9382876321829824,-0.6087806538013547,1.1002988856882474,0.6369425845263627,-1.1005052337841676,-1.4534655956220444,-1.3876312743564092,0.06361946232408497,0.7329003050503234,2.3926972228010794,-0.5069608917800194,1
-1.2056839710670557,0.8927585348247918,1.2409801198921853,-0.7433346876014802,0.6776641400403711,-0.6087806538013547,0.8578244999016784,0.396187237588295,1.1679691561617414,-1.4094370551362074,0.3029158850723684,0.15464943767078065,0.7329003050503234,2.3926972228010794,-0.5069608917800194,0
1.375136580998128,1.3464462789076679,0.9651237642915402,-0.7433346876014802,0.24329165313601891,-0.6087806538013547,0.4537005235907302,-0.005071673975151085,1.1679691561617414,-1.16287722841552,-1.7257407062421648,0.42773936371086774,0.7329003050503234,-0.4179383795285729,-0.5069608917800194,0
0.7145169857595998,-0.16584620136858524,1.4146674548999987,-0.7433346876014802,-0.10420633638746282,-0.6087806538013547,0.13040134254197167,-0.32607880322590793,-1.1005052337841676,0.06992190518791666,1.317244180729635,0.8828892404443462,-1.3644420572745384,-0.4179383795285729,1.9725387425622574,0
-0.641955249796845,1.497675526935293,-1.5482341422921142,-0.7433346876014802,-0.8860768128152967,-0.6087806538013547,-0.5970218148177351,-1.0483448440401109,-1.1005052337841676,-0.5024491211279647,-1.3876312743564092,-1.119770217182959,0.7329003050503234,-0.4179383795285729,-0.5069608917800194,0
-1.7077548634483373,0.13661229468666536,-1.6504031628849458,-0.7433346876014802,-1.754821786624001,-0.6087806538013547,-1.4052697674396315,-1.850862667167003,1.1679691561617414,-1.1276543960268504,0.9791347488438794,-1.756980044609829,0.7329003050503234,-0.4179383795285729,-0.5069608917800194,0
0.053897390521071474,-1.6781386816448383,1.6053829600066176,2.2863172967136434,-0.7992023154344263,1.4328819398866135,-1.2436201769152524,0.15543189065022733,-0.34434710380219813,-0.018135175783757392,0.3029158850723684,0.7008292897509548,0.7329003050503234,-0.4179383795285729,-0.5069608917800194,1
-1.7517961697975726,1.4220609029214804,0.6347772643747184,0.7714913045560816,-1.4941982944813899,0.09612622857645578,-1.4052697674396315,-1.3693519732908677,1.1679691561617414,-1.2773514336786962,1.317244180729635,-1.0287402418362634,0.7329003050503234,2.3926972228010794,-0.5069608917800194,0
1.1020804816328698,-1.8293679296724636,1.0059913725286729,0.7714913045560816,0.460477896588195,-0.49129617340505294,0.6153501141151095,0.23568367296291654,-1.1005052337841676,-0.7666203640429868,-1.7257407062421648,-0.4825603897560892,0.7329003050503234,-0.4179383795285729,-0.5069608917800194,0
-0.17511740249495167,0.8171439108109793,0.8970110838963192,-0.7433346876014802,1.6332836112299458,-0.6087806538013547,1.7468972477857645,1.2789568430278764,-1.1005052337841676,0.3340931481029388,-0.3733029786991427,-2.4852198473833944,-1.3644420572745384,-0.4179383795285729,-0.5069608917800194,0
1.1813548330614931,-0.6195339454514611,-0.08381151379486301,-0.7433346876014802,1.459534616468205,-0.6087806538013547,1.5852476572613852,1.1184532784024979,-1.1005052337841676,-0.30872354299028176,0.3029158850723684,0.6097993144042592,-1.3644420572745384,-0.4179383795285729,1.9725387425622574,0
1.2958622295695046,-1.300065561575775,0.42362795514953333,0.7714913045560816,0.06954265837427805,-0.13884273221614765,0.13040134254197167,-0.005071673975151085,0.033731961188786734,0.3781216885887758,0.3029158850723684,0.24567941301747637,-1.3644420572745384,-0.4179383795285729,-0.5069608917800194,0
-0.034185222177398965,0.665914662783354,-1.2042651062962484,-0.7433346876014802,-0.6254533206726854,-0.6087806538013547,-0.3545474290311662,-0.8075894971020432,-1.1005052337841676,-0.6081176182939735,0.6410253169581239,-0.7556503157961763,0.7329003050503234,-0.4179383795285729,-0.5069608917800194,0
0.24767913845770645,-1.3756801855895877,1.2546026559712293,-0.7433346876014802,-0.19108083376833326,-0.6087806538013547,0.04957654727978201,-0.40633058553859713,1.1679691561617414,1.4348066602488645,0.3029158850723684,0.06361946232408497,-1.3644420572745384,-0.4179383795285729,-0.5069608917800194,1
1.560110067664916,0.13661229468666536,-1.6572144309244679,-0.7433346876014802,0.15641715575514847,-0.6087806538013547,0.3728757283285406,-0.0853234562878403,1.1679691561617414,1.3115267468885208,0.9791347488438794,-0.4825603897560892,0.7329003050503234,-0.4179383795285729,-0.5069608917800194,0
1.6922339867126217,-0.0902315773547726,1.567920985789246,0.7714913045560816,-0.23451808245876848,1.388455512935775,-0.6778466100799247,0.23568367296291654,0.033731961188786734,-0.6345347425854757,0.6410253169581239,-0.3005004390626978,-1.3644420572745384,-0.4179383795285729,-0.5069608917800194,0
0.0186643454416833,-0.0902315773547726,1.574732253828768,0.7714913045560816,-0.6688905693631206,0.9185175913505677,-0.9203209958664937,-0.32607880322590793,-1.1005052337841676,-0.0357465919780922,0.6410253169581239,0.5187693390575635,0.7329003050503234,-0.4179383795285729,-0.5069608917800194,0
0.03628086798137739,-1.2244509375619623,-0.7104481734308962,-0.7433346876014802,1.1120366269447233,-0.6087806538013547,1.2619484762126267,0.7974461491517411,1.1679691561617414,-1.0836258555410134,-1.3876312743564092,0.6097993144042592,0.7329003050503234,-0.4179383795285729,-0.5069608917800194,0
-1.7253713859880313,0.2878415427142907,0.5734758520190195,2.2863172967136434,-0.13316450218108714,2.251349201772366,-1.0011457911286834,1.198705060715187,0.41181102617977144,-1.250934309387194,-1.7257407062421648,-0.846680291142872,0.7329003050503234,2.3926972228010794,-0.5069608917800194,1
-1.434698764083079,-0.5439193214376485,1.15924490341792,-0.7433346876014802,0.4170406478977598,-0.6087806538013547,0.6153501141151095,0.15543189065022733,-1.1005052337841676,-1.576745508982388,0.6410253169581239,-0.027410513022610727,-1.3644420572745384,2.3926972228010794,-0.5069608917800194,0
1.4544109324267516,-0.7707631934790865,0.7846251612442046,0.7714913045560816,0.37360339920732455,1.388455512935775,-0.11207304324459728,0.7974461491517411,-1.1005052337841676,-1.6295797575653925,0.6410253169581239,2.157308895298086,0.7329003050503234,2.3926972228010794,-0.5069608917800194,0
-1.6725218183689492,1.4220609029214804,-0.9522481888339306,-0.7433346876014802,0.33016615051688936,-0.6087806538013547,0.5345253188529199,0.07518010833753813,-1.1005052337841676,-0.7313975316543172,1.317244180729635,-1.8480100199565246,0.7329003050503234,-0.4179383795285729,-0.5069608917800194,0
-0.21035044757433985,0.7415292867971666,0.8288984035010982,2.2863172967136434,0.06954265837427805,0.6456103367891978,-0.3545474290311662,0.396187237588295,-0.34434710380219813,1.6021151140950451,-0.035193546813387155,0.06361946232408497,0.7329003050503234,-0.4179383795285729,1.9725387425622574,0
-1.5580144218609375,-1.753753305658651,1.557704083729963,2.2863172967136434,0.6487059742467468,2.5187494826300876,-0.9203209958664937,1.3592086253405655,-1.1005052337841676,-0.7930374883344891,0.9791347488438794,-0.027410513022610727,-1.3644420572745384,-0.4179383795285729,-0.5069608917800194,0
1.3046704908393516,0.7415292867971666,-1.5720735804304415,0.7714913045560816,1.1989111243255937,0.09612622857645578,1.1002988856882474,1.1184532784024979,1.1679691561617414,-1.6912197142455643,-0.035193546813387155,-0.846680291142872,-1.3644420572745384,2.3926972228010794,-0.5069608917800194,0
1.2077796168710342,-0.2414608253823979,0.4747124654459491,-0.7433346876014802,0.5907896426595006,-0.6087806538013547,0.7769997046394888,0.31593545527560574,1.1679691561617414,0.10514473757658628,-0.035193546813387155,-0.20947046371600211,-1.3644420572745384,-0.4179383795285729,1.9725387425622574,0
-0.14869261868541053,1.1952170308800425,-1.7014876731813615,0.7714913045560816,0.1998544044455837,-0.021358251819845898,0.2112261378041613,0.15543189065022733,0.033731961188786734,0.6158758072122957,0.9791347488438794,0.9739192157910419,-1.3644420572745384,-0.4179383795285729,-0.5069608917800194,0
-0.16630914122510462,0.8171439108109793,-0.6968256373518519,-0.7433346876014802,-1.754821786624001,-0.6087806538013547,-1.4052697674396315,-1.850862667167003,1.1679691561617414,0.3428988562001062,-0.3733029786991427,-2.3941898720366988,-1.3644420572745384,-0.4179383795285729,-0.5069608917800194,0
0.6880922019500586,-1.8293679296724636,1.009397006548434,0.7714913045560816,0.33016615051688936,0.566064150161663,0.13040134254197167,0.4764390199009842,0.033731961188786734,1.5756979898035428,-1.7257407062421648,-0.5735903651027849,-1.3644420572745384,-0.4179383795285729,1.9725387425622574,0
0.8025995984580702,0.06099767067285271,-1.0033326991303464,2.2863172967136434,0.7066223058339948,1.3169138638549933,-0.19289783850678693,1.0382014960898087,0.41181102617977144,-0.36155779157328616,-1.7257407062421648,-1.2108001925296548,-1.3644420572745384,-0.4179383795285729,-0.5069608917800194,0
-0.844545259003327,-0.9219924415067118,1.3295266044059726,-0.7433346876014802,-1.4941982944813899,-0.6087806538013547,-1.1627953816530627,-1.6101073202289353,-1.1005052337841676,1.0033269634876616,-1.0495218424706538,0.9739192157910419,0.7329003050503234,-0.4179383795285729,-0.5069608917800194,0
0.6440508956008234,1.2708316548938552,-0.6150904208775867,-0.7433346876014802,-1.3204492997196489,-0.6087806538013547,-1.0011457911286834,-1.4496037556035568,-1.1005052337841676,0.9152698825159875,1.317244180729635,-0.027410513022610727,0.7329003050503234,-0.4179383795285729,-0.5069608917800194,0
0.5383517603626589,0.2878415427142907,-1.0135496011896294,-0.7433346876014802,-0.8860768128152967,-0.6087806538013547,-0.5970218148177351,-1.0483448440401109,1.1679691561617414,1.4083895359573622,-1.7257407062421648,-0.9377102664895677,-1.3644420572745384,-0.4179383795285729,1.9725387425622574,0
0.0979386968703067,0.13661229468666536,-0.05997207565653567,0.7714913045560816,-1.3638865484100842,0.6835486305579647,-1.4860945627018212,-1.0483448440401109,0.033731961188786734,0.3252874400057714,0.9791347488438794,-0.027410513022610727,0.7329003050503234,-0.4179383795285729,1.9725387425622574,0
1.0492309140137874,0.8927585348247918,-0.35626223537574697,0.7714913045560816,0.11297990706471327,-0.49129617340505294,0.29205093306635094,-0.0853234562878403,0.033731961188786734,0.5982643910179609,0.3029158850723684,-0.11844048836930643,-1.3644420572745384,-0.4179383795285729,-0.5069608917800194,0
-0.2191587088441869,0.7415292867971666,-1.5618566783711585,0.7714913045560816,-0.06076908769702761,0.6835486305579647,-0.27372263376897654,0.15543189065022733,0.033731961188786734,1.5933094059978776,-0.035193546813387155,-1.3018301678763504,0.7329003050503234,-0.4179383795285729,1.9725387425622574,0
-1.7958374761468077,-0.8463778174928991,-0.46524252400810057,-0.7433346876014802,-1.146700304957908,-0.6087806538013547,-0.8394962006043041,-1.2891001909781785,-1.1005052337841676,1.5316694493177059,-0.035193546813387155,0.15464943767078065,0.7329003050503234,-0.4179383795285729,-0.5069608917800194,1
-0.3248578440823514,1.1952170308800425,-0.9454369207944086,-0.7433346876014802,0.7645386374212415,-0.6087806538013547,0.9386492951638681,0.4764390199009842,1.1679691561617414,1.6901721950667192,0.9791347488438794,2.157308895298086,0.7329003050503234,-0.4179383795285729,-0.5069608917800194,0
-0.5186395920189864,-1.0732216895343372,-0.5299495703835605,0.7714913045560816,-0.6688905693631206,2.3283313561061894,-1.4052697674396315,0.15543189065022733,1.1679691561617414,1.4788352007347014,-1.3876312743564092,0.06361946232408497,0.7329003050503234,-0.4179383795285729,-0.5069608917800194,0
0.6792839406802116,-1.8293679296724636,-1.3813580753238228,-0.7433346876014802,-0.017331839006592388,-0.6087806538013547,0.2112261378041613,-0.24582702091321873,-1.1005052337841676,1.5668922817063755,-1.7257407062421648,-1.9390399953032202,-1.3644420572745384,-0.4179383795285729,1.9725387425622574,0
-1.1528344034479736,1.1952170308800425,-0.9352200187351254,-0.7433346876014802,-1.5810727918622602,-0.6087806538013547,-1.2436201769152524,-1.6903591025416245,-1.1005052337841676,-0.8282603207231586,0.9791347488438794,0.5187693390575635,-1.3644420572745384,-0.4179383795285729,-0.5069608917800194,0
0.45026914766418846,-0.16584620136858524,0.6245603623154353,0.7714913045560816,1.1989111243255937,0.3310951893690594,1.0194740904260577,1.198705060715187,1.1679691561617414,0.8976584663216527,1.317244180729635,-0.7556503157961763,0.7329003050503234,-0.4179383795285729,-0.5069608917800194,0
-0.2984330602728103,1.4220609029214804,1.428289990979043,0.7714913045560816,-0.5385788232918151,0.09612622857645578,-0.5161970195555455,-0.48658236785128633,1.1679691561617414,-0.009329467686589987,1.317244180729635,0.15464943767078065,0.7329003050503234,-0.4179383795285729,-0.5069608917800194,1
0.6264343730611294,1.2708316548938552,-0.6219016889171088,-0.7433346876014802,-0.5385788232918151,-0.6087806538013547,-0.27372263376897654,-0.7273377147893539,1.1679691561617414,1.3643609954715252,1.317244180729635,1.9752489446046946,0.7329003050503234,-0.4179383795285729,-0.5069608917800194,0
-1.1792591872575147,-0.7707631934790865,0.7982476973232489,-0.7433346876014802,-0.5385788232918151,-0.6087806538013547,-0.27372263376897654,-0.7273377147893539,-1.1005052337841676,-0.9603459421806697,0.6410253169581239,0.7008292897509548,0.7329003050503234,-0.4179383795285729,-0.5069608917800194,0
1.4367944098870573,-0.6195339454514611,-0.10083968389366826,-0.7433346876014802,-0.3648298285300741,-0.6087806538013547,-0.11207304324459728,-0.5668341501639755,-1.1005052337841676,0.025893364702079633,0.3029158850723684,1.0649491911377376,0.7329003050503234,-0.4179383795285729,-0.5069608917800194,0
-0.2632000151934221,-0.2414608253823979,-0.33242279723741963,-0.7433346876014802,0.5907896426595006,-0.6087806538013547,0.7769997046394888,0.31593545527560574,-1.1005052337841676,-1.5062998442050488,-0.035193546813387155,0.9739192157910419,-1.3644420572745384,2.3926972228010794,-0.5069608917800194,0
1.4103696260775163,0.9683731588386045,0.29080822837885245,-0.7433346876014802,-0.19108083376833326,-0.6087806538013547,0.04957654727978201,-0.40633058553859713,-1.1005052337841676,1.6373379464837148,-0.035193546813387155,-1.119770217182959,0.7329003050503234,-0.4179383795285729,-0.5069608917800194,0
-1.7429879085277256,0.2878415427142907,-1.0203608692291517,-0.7433346876014802,1.5464091138490754,-0.6087806538013547,1.6660724525235748,1.198705060715187,1.1679691561617414,-1.268545725581529,-1.7257407062421648,-2.2121299213433074,0.7329003050503234,2.3926972228010794,-0.5069608917800194,1
-0.43936524059036297,0.5903000387695413,-0.4482143539092953,0.7714913045560816,-0.3213925798396389,-0.021358251819845898,-0.27372263376897654,-0.32607880322590793,1.1679691561617414,0.12275615377092108,-0.3733029786991427,1.520099067871216,0.7329003050503234,-0.4179383795285729,1.9725387425622574,0
1.551301806395069,0.7415292867971666,1.6190054960856617,0.7714913045560816,0.15641715575514847,0.8010331109542662,-0.11207304324459728,0.396187237588295,0.033731961188786734,0.4485673533661151,-0.035193546813387155,1.3380391171778248,0.7329003050503234,-0.4179383795285729,-0.5069608917800194,0
-1.6020557282101728,1.2708316548938552,-1.4154144155214334,0.7714913045560816,-0.3213925798396389,1.623424473728379,-0.8394962006043041,0.23568367296291654,-1.1005052337841676,-1.3918256389418726,1.317244180729635,-1.9390399953032202,-1.3644420572745384,2.3926972228010794,-0.5069608917800194,0
-1.3378078901147614,-0.3926900734100232,0.14777159954888835,-0.7433346876014802,-0.45170432591094456,-0.6087806538013547,-0.19289783850678693,-0.6470859324766648,-1.1005052337841676,1.3027210387913533,-1.0495218424706538,0.3367093883641721,0.7329003050503234,-0.4179383795285729,-0.5069608917800194,0
1.4896439775061396,0.9683731588386045,-1.3098397609088408,-0.7433346876014802,-1.5810727918622602,-0.6087806538013547,-1.2436201769152524,-1.6903591025416245,-1.1005052337841676,-0.2030550458242729,-0.035193546813387155,-1.8480100199565246,-1.3644420572745384,-0.4179383795285729,-0.5069608917800194,0
1.2518209232202695,0.7415292867971666,-1.5652623123909195,0.7714913045560816,0.06954265837427805,0.09612622857645578,0.04957654727978201,0.07518010833753813,-1.1005052337841676,0.8007956772528113,-0.035193546813387155,-1.6659500692631333,-1.3644420572745384,-0.4179383795285729,-0.5069608917800194,0
-0.06941826725678714,-0.6951485694652738,1.1115660271412653,-0.7433346876014802,-1.4941982944813899,-0.6087806538013547,-1.1627953816530627,-1.6101073202289353,1.1679691561617414,1.2586924983055163,-0.035193546813387155,0.3367093883641721,0.7329003050503234,-0.4179383795285729,-0.5069608917800194,0
-0.5274478532888335,-1.6781386816448383,0.018357506797968465,0.7714913045560816,0.9817248808734176,0.21361070897275758,0.8578244999016784,0.9579497137771195,-1.1005052337841676,1.1442182930423401,0.3029158850723684,0.06361946232408497,0.7329003050503234,-0.4179383795285729,-0.5069608917800194,0
-1.4787400704323141,1.1952170308800425,0.6449941664340015,0.7714913045560816,0.851413134802112,1.5059399933320767,0.29205093306635094,1.2789568430278764,0.033731961188786734,1.161829709236675,0.9791347488438794,2.339368845991477,-1.3644420572745384,-0.4179383795285729,-0.5069608917800194,0
-0.07822652852663418,-0.6951485694652738,-1.2791890547309914,-0.7433346876014802,0.9382876321829824,-0.6087806538013547,1.1002988856882474,0.6369425845263627,-1.1005052337841676,1.2498867902083488,-0.035193546813387155,-1.0287402418362634,0.7329003050503234,-0.4179383795285729,-0.5069608917800194,0
0.3181452286164828,-0.9976070655205245,-0.6832031012728077,0.7714913045560816,-0.7557650667439911,2.3283313561061894,-1.4860945627018212,0.07518010833753813,1.1679691561617414,-0.12380367294976626,-1.0495218424706538,-0.20947046371600211,0.7329003050503234,-0.4179383795285729,-0.5069608917800194,0
-0.8621617815430211,1.2708316548938552,0.18863920778602095,0.7714913045560816,1.1554738756351586,-0.49129617340505294,1.2619484762126267,0.8776979314644302,1.1679691561617414,0.052310488993581844,1.317244180729635,-0.5735903651027849,-1.3644420572745384,-0.4179383795285729,1.9725387425622574,0
-0.19273392503464576,0.5146854147557286,-0.3869129415535964,0.7714913045560816,-0.06076908769702761,2.0933623953135854,-0.7586714053421144,0.6369425845263627,0.033731961188786734,1.232275374014014,0.3029158850723684,-0.20947046371600211,-1.3644420572745384,-0.4179383795285729,-0.5069608917800194,0
0.46788567020388255,-0.6951485694652738,1.1081603931215043,-0.7433346876014802,-1.2335748023387785,-0.6087806538013547,-0.9203209958664937,-1.3693519732908677,-1.1005052337841676,-1.6031626332738902,-0.035193546813387155,-0.20947046371600211,-1.3644420572745384,2.3926972228010794,-0.5069608917800194,0
1.4720274549664456,1.1952170308800425,-0.9181918486363202,0.7714913045560816,-0.19108083376833326,-0.13884273221614765,-0.11207304324459728,-0.24582702091321873,0.033731961188786734,0.7567671367669743,0.9791347488438794,0.6097993144042592,0.7329003050503234,-0.4179383795285729,1.9725387425622574,0
0.6616674181405175,-0.3170754493962106,-0.2404706787038713,-0.7433346876014802,-0.017331839006592388,-0.6087806538013547,0.2112261378041613,-0.24582702091321873,-1.1005052337841676,-1.3213799741645333,-1.0495218424706538,0.7918592650976506,-1.3644420572745384,2.3926972228010794,-0.5069608917800194,1
-0.9150113491621034,-0.46830469742383585,-1.1123129877627,-0.7433346876014802,0.9382876321829824,-0.6087806538013547,1.1002988856882474,0.6369425845263627,1.1679691561617414,-1.5503283846908857,-0.3733029786991427,-1.2108001925296548,-1.3644420572745384,2.3926972228010794,-0.5069608917800194,0
-1.452315286622773,1.3464462789076679,0.1716110376872157,2.2863172967136434,-1.1756584707515314,0.5221663934778927,-1.4860945627018212,-0.8878412794147325,-0.34434710380219813,-0.2118607539214403,-1.7257407062421648,-0.6646203404494806,-1.3644420572745384,-0.4179383795285729,-0.5069608917800194,0
-0.13107609614571644,1.1952170308800425,-0.9045693125572759,-0.7433346876014802,1.6332836112299458,-0.6087806538013547,1.7468972477857645,1.2789568430278764,1.1679691561617414,0.6334872234066306,0.9791347488438794,2.430398821338173,-1.3644420572745384,-0.4179383795285729,-0.5069608917800194,0
-1.4611235478926201,1.3464462789076679,0.9685293983113012,0.7714913045560816,0.5473523939690654,2.3283313561061894,-0.27372263376897654,1.2789568430278764,1.1679691561617414,-0.2206664620186077,-1.7257407062421648,-0.6646203404494806,-1.3644420572745384,-0.4179383795285729,-0.5069608917800194,0
1.0844639590931757,1.3464462789076679,0.1579885016081715,-0.7433346876014802,1.0251621295638529,-0.6087806538013547,1.181123680950437,0.7171943668390518,-1.1005052337841676,-1.3389913903588682,-1.7257407062421648,-0.027410513022610727,-1.3644420572745384,2.3926972228010794,-0.5069608917800194,0
1.3927531035378222,0.9683731588386045,-1.3030284928693188,-0.7433346876014802,-1.146700304957908,-0.6087806538013547,-0.8394962006043041,-1.2891001909781785,-1.1005052337841676,1.61972653028938,-0.035193546813387155,-2.4852198473833944,0.7329003050503234,-0.4179383795285729,-0.5069608917800194,0
0.7233252470294468,-0.16584620136858524,0.6177490942759132,0.7714913045560816,1.068599378254288,0.9185175913505677,0.6961749093772992,1.2789568430278764,-1.1005052337841676,0.07872761328508406,1.317244180729635,0.8828892404443462,-1.3644420572745384,-0.4179383795285729,1.9725387425622574,0
-1.276150061225832,-0.16584620136858524,1.424884356959282,-0.7433346876014802,-1.8416962840048716,-0.6087806538013547,-1.4860945627018212,-1.9311144494796921,-1.1005052337841676,-0.3879749158647884,1.317244180729635,0.9739192157910419,-1.3644420572745384,-0.4179383795285729,1.9725387425622574,0
-1.1968757097972087,0.8927585348247918,-0.35285660135598595,0.7714913045560816,0.8948503834925472,1.1534865521431714,0.4537005235907302,1.198705060715187,1.1679691561617414,-1.40063134703904,0.3029158850723684,0.24567941301747637,0.7329003050503234,2.3926972228010794,-0.5069608917800194,0
0.3709947962355651,-1.6781386816448383,0.811870233402293,2.2863172967136434,0.15641715575514847,1.5124568674773013,-0.5161970195555455,1.0382014960898087,1.1679691561617414,0.8360185096414808,0.3029158850723684,-0.20947046371600211,-1.3644420572745384,-0.4179383795285729,-0.5069608917800194,0
1.1373135267122578,1.0439877828524171,-0.28474392096076495,-0.7433346876014802,1.7201581086108164,-0.6087806538013547,1.8277220430479542,1.3592086253405655,-1.1005052337841676,-0.2558892944072773,-0.7114124105848982,-0.3005004390626978,0.7329003050503234,-0.4179383795285729,-0.5069608917800194,0
-0.45698176313005706,-0.2414608253823979,0.467901197406427,0.7714913045560816,0.1998544044455837,1.388455512935775,-0.27372263376897654,0.6369425845263627,-1.1005052337841676,1.100189752556503,-0.035193546813387155,-0.7556503157961763,0.7329003050503234,-0.4179383795285729,-0.5069608917800194,0
-1.232108754876597,-1.6781386816448383,0.8016533313430099,-0.7433346876014802,-1.3204492997196489,-0.6087806538013547,-1.0011457911286834,-1.4496037556035568,1.1679691561617414,-1.7968882114115732,0.3029158850723684,1.7021590185646076,-1.3644420572745384,2.3926972228010794,-0.5069608917800194,0
0.8202161209977643,0.06099767067285271,-0.2064143385062608,-0.7433346876014802,-0.6254533206726854,-0.6087806538013547,-0.3545474290311662,-0.8075894971020432,1.1679691561617414,-0.3439463753789514,-1.7257407062421648,0.24567941301747637,-1.3644420572745384,-0.4179383795285729,-0.5069608917800194,0
1.0316143914740934,-0.5439193214376485,0.37594907887287865,-0.7433346876014802,1.3726601190873347,-0.6087806538013547,1.5044228619991955,1.0382014960898087,-1.1005052337841676,-0.6609518668769779,0.6410253169581239,-0.3005004390626978,0.7329003050503234,-0.4179383795285729,1.9725387425622574,0
0.32695348988632983,-0.9976070655205245,0.11371525935127785,-0.7433346876014802,1.3726601190873347,-0.6087806538013547,1.5044228619991955,1.0382014960898087,1.1679691561617414,-0.11499796485259885,-1.0495218424706538,-0.3005004390626978,0.7329003050503234,-0.4179383795285729,-0.5069608917800194,0
-1.7606044310674196,1.4220609029214804,-0.16214109624936715,-0.7433346876014802,0.9382876321829824,-0.6087806538013547,1.1002988856882474,0.6369425845263627,1.1679691561617414,-1.2861571417758637,1.317244180729635,-0.9377102664895677,0.7329003050503234,2.3926972228010794,-0.5069608917800194,0
0.27410392226724756,0.21222691870047802,-1.3643299052250177,-0.7433346876014802,-0.10420633638746282,-0.6087806538013547,0.13040134254197167,-0.32607880322590793,-1.1005052337841676,-0.5288662454194669,-1.3876312743564092,-1.392860143223046,0.7329003050503234,-0.4179383795285729,-0.5069608917800194,0
-0.9502443942414915,-1.300065561575775,-1.180425668157921,-0.7433346876014802,-1.8416962840048716,-0.6087806538013547,-1.4860945627018212,-1.9311144494796921,1.1679691561617414,-1.726442546634234,0.3029158850723684,-1.483890118569742,-1.3644420572745384,2.3926972228010794,-0.5069608917800194,0
0.15078826448938895,-0.2414608253823979,-0.32561152919789754,-0.7433346876014802,0.7645386374212415,-0.6087806538013547,0.9386492951638681,0.4764390199009842,1.1679691561617414,-0.555283369710969,-0.035193546813387155,0.24567941301747637,0.7329003050503234,-0.4179383795285729,-0.5069608917800194,0
0.4062278413149532,1.1952170308800425,-0.907974946577037,0.7714913045560816,0.11297990706471327,0.6835486305579647,-0.11207304324459728,0.31593545527560574,0.033731961188786734,-1.224517185095692,0.9791347488438794,1.3380391171778248,0.7329003050503234,-0.4179383795285729,1.9725387425622574,0
1.2694374457599635,0.7415292867971666,1.6224111301054227,0.7714913045560816,-0.7557650667439911,2.0933623953135854,-1.4052697674396315,-0.005071673975151085,-1.1005052337841676,0.818407093447146,-0.035193546813387155,-0.11844048836930643,-1.3644420572745384,-0.4179383795285729,-0.5069608917800194,0
-0.826928736463633,-0.9219924415067118,0.532608243781887,-0.7433346876014802,1.285785621706464,-0.6087806538013547,1.423598066737006,0.9579497137771195,1.1679691561617414,1.0209383796819964,-1.0495218424706538,0.9739192157910419,0.7329003050503234,-0.4179383795285729,-0.5069608917800194,0
0.7937913371882231,0.8171439108109793,0.1034983572919947,-0.7433346876014802,-0.10420633638746282,-0.6087806538013547,0.13040134254197167,-0.32607880322590793,1.1679691561617414,-0.4055863320591232,-0.3733029786991427,1.247009141831129,-1.3644420572745384,-0.4179383795285729,-0.5069608917800194,0
-1.1880674485273617,-0.7707631934790865,-1.5925073845490079,-0.7433346876014802,1.1120366269447233,-0.6087806538013547,1.2619484762126267,0.7974461491517411,1.1679691561617414,-0.9691516502778371,0.6410253169581239,-0.6646203404494806,0.7329003050503234,-0.4179383795285729,-0.5069608917800194,0
0.21244609337831827,0.5903000387695413,0.3521096407345513,0.7714913045560816,0.7211013887308063,2.3283313561061894,-0.11207304324459728,1.4394604076532547,1.1679691561617414,1.0737726282650009,-0.3733029786991427,0.5187693390575635,0.7329003050503234,-0.4179383795285729,1.9725387425622574,0
-1.3466161513846084,-0.3926900734100232,0.9446899601729739,-0.7433346876014802,-1.6679472892431306,-0.6087806538013547,-1.3244449721774418,-1.7706108848543136,1.1679691561617414,1.293915330694186,-1.0495218424706538,0.3367093883641721,0.7329003050503234,-0.4179383795285729,-0.5069608917800194,0
1.7010422479824687,-0.46830469742383585,-1.1020960857034168,0.7714913045560816,0.460477896588195,1.388455512935775,-0.031248247982407634,0.8776979314644302,0.033731961188786734,0.4573730614632825,-0.3733029786991427,-1.3018301678763504,0.7329003050503234,-0.4179383795285729,-0.5069608917800194,0
-0.9590526555113386,-1.300065561575775,0.4270335891692944,-0.7433346876014802,-1.5810727918622602,-0.6087806538013547,-1.2436201769152524,-1.6903591025416245,1.1679691561617414,0.5542358505321239,0.3029158850723684,0.7918592650976506,0.7329003050503234,-0.4179383795285729,1.9725387425622574,0
-0.7388461237651625,0.13661229468666536,-1.6640256989639899,0.7714913045560816,1.1989111243255937,0.8010331109542662,0.8578244999016784,1.3592086253405655,0.033731961188786734,0.7039328881839698,0.9791347488438794,1.247009141831129,-1.3644420572745384,-0.4179383795285729,-0.5069608917800194,1
-1.214492232336903,-1.6781386816448383,0.004734970718924267,-0.7433346876014802,-0.5385788232918151,-0.6087806538013547,-0.27372263376897654,-0.7273377147893539,1.1679691561617414,-1.7792767952172384,0.3029158850723684,1.7021590185646076,-1.3644420572745384,2.3926972228010794,-0.5069608917800194,0
-1.240917016146444,-1.6781386816448383,-1.5891017505292468,2.2863172967136434,0.09850082416790173,2.6737842244507246,-1.4052697674396315,1.2789568430278764,0.41181102617977144,-1.8056939195087405,0.3029158850723684,0.3367093883641721,-1.3644420572745384,2.3926972228010794,-0.5069608917800194,0
0.5647765441722,-0.9219924415067118,0.536013877801648,0.7714913045560816,-0.7557650667439911,2.3283313561061894,-1.4860945627018212,0.07518010833753813,0.033731961188786734,-1.1364601041240179,-1.0495218424706538,0.15464943767078065,-1.3644420572745384,-0.4179383795285729,-0.5069608917800194,0
1.357520058458434,1.497675526935293,1.636033666184467,-0.7433346876014802,-1.6679472892431306,-0.6087806538013547,-1.3244449721774418,-1.7706108848543136,-1.1005052337841676,-0.9339288178891675,-1.3876312743564092,0.24567941301747637,0.7329003050503234,-0.4179383795285729,-0.5069608917800194,0
-0.5362561145586805,-1.6781386816448383,1.6121942280461397,-0.7433346876014802,1.7201581086108164,-0.6087806538013547,1.8277220430479542,1.3592086253405655,-1.1005052337841676,1.1354125849451726,0.3029158850723684,0.24567941301747637,0.7329003050503234,-0.4179383795285729,-0.5069608917800194,0
0.1772130482989301,-1.300065561575775,-0.3766960394943133,0.7714913045560816,-1.4941982944813899,-0.13884273221614765,-1.3244449721774418,-1.4496037556035568,0.033731961188786734,0.19320181854826032,0.3029158850723684,0.06361946232408497,0.7329003050503234,-0.4179383795285729,1.9725387425622574,0
0.07151391306076556,0.13661229468666536,0.7369462849675499,-0.7433346876014802,0.33016615051688936,-0.6087806538013547,0.5345253188529199,0.07518010833753813,-1.1005052337841676,0.2988703157142692,0.9791347488438794,-0.027410513022610727,0.7329003050503234,-0.4179383795285729,1.9725387425622574,0
0.0010478229019892115,-0.0902315773547726,-1.6129411886675742,-0.7433346876014802,-1.754821786624001,-0.6087806538013547,-1.4052697674396315,-1.850862667167003,-1.1005052337841676,-0.05335800817242701,0.6410253169581239,-1.0287402418362634,0.7329003050503234,-0.4179383795285729,-0.5069608917800194,0
0.749750030838988,0.2878415427142907,1.3737998466628663,-0.7433346876014802,-1.2335748023387785,-0.6087806538013547,-0.9203209958664937,-1.3693519732908677,-1.1005052337841676,0.23723035903409734,-1.7257407062421648,0.6097993144042592,0.7329003050503234,-0.4179383795285729,1.9725387425622574,0
-1.637288773289561,1.3464462789076679,-0.635524224996153,-0.7433346876014802,0.15641715575514847,-0.6087806538013547,0.3728757283285406,-0.0853234562878403,1.1679691561617414,0.8624356339329831,-1.7257407062421648,1.247009141831129,0.7329003050503234,-0.4179383795285729,1.9725387425622574,0
-0.7740791688445506,0.21222691870047802,-1.3575186371854955,-0.7433346876014802,0.33016615051688936,-0.6087806538013547,0.5345253188529199,0.07518010833753813,1.1679691561617414,-1.0484030231523438,-1.3876312743564092,-1.5749200939164376,0.7329003050503234,-0.4179383795285729,-0.5069608917800194,0
0.8114078597279173,0.06099767067285271,1.3874223827419103,0.7714913045560816,0.24329165313601891,0.3310951893690594,0.13040134254197167,0.31593545527560574,0.033731961188786734,-0.35275208347611875,-1.7257407062421648,0.15464943767078065,-1.3644420572745384,-0.4179383795285729,-0.5069608917800194,0
0.5031187152832707,-0.3926900734100232,-0.6423354930356752,-0.7433346876014802,-0.7123278180535558,-0.6087806538013547,-0.43537222429335587,-0.8878412794147325,-1.1005052337841676,0.15797898615959072,-1.0495218424706538,0.15464943767078065,0.7329003050503234,-0.4179383795285729,1.9725387425622574,0
-0.6331469885269979,1.497675526935293,-0.7513157816680287,-0.7433346876014802,-1.8416962840048716,-0.6087806538013547,-1.4860945627018212,-1.9311144494796921,-1.1005052337841676,-0.49364341303079723,-1.3876312743564092,0.3367093883641721,0.7329003050503234,-0.4179383795285729,-0.5069608917800194,0
0.47669393147372957,-0.6951485694652738,-0.48567632812666683,-0.7433346876014802,-1.6679472892431306,-0.6087806538013547,-1.3244449721774418,-1.7706108848543136,1.1679691561617414,-1.594356925176723,-0.035193546813387155,-0.11844048836930643,-1.3644420572745384,2.3926972228010794,-0.5069608917800194,0
0.353378273695871,0.9683731588386045,0.2805913263195693,-0.7433346876014802,-1.4073237971005195,-0.6087806538013547,-1.081970586390873,-1.5298555379162462,-1.1005052337841676,0.9857155472933268,-0.035193546813387155,0.7918592650976506,0.7329003050503234,-0.4179383795285729,-0.5069608917800194,0
0.5119269765531178,-0.3926900734100232,0.15458286758841044,-0.7433346876014802,0.15641715575514847,-0.6087806538013547,0.3728757283285406,-0.0853234562878403,1.1679691561617414,0.1667846942567581,-1.0495218424706538,0.06361946232408497,0.7329003050503234,-0.4179383795285729,1.9725387425622574,0
0.969956562585164,0.2878415427142907,-1.0237665032489127,-0.7433346876014802,-0.7123278180535558,-0.6087806538013547,-0.43537222429335587,-0.8878412794147325,-1.1005052337841676,0.49259589385195207,-1.7257407062421648,-0.027410513022610727,0.7329003050503234,-0.4179383795285729,-0.5069608917800194,0
0.23006261591801236,1.3464462789076679,0.1647997696476936,-0.7433346876014802,-1.146700304957908,-0.6087806538013547,-0.8394962006043041,-1.2891001909781785,1.1679691561617414,-0.5376719535166343,-1.7257407062421648,-1.2108001925296548,0.7329003050503234,-0.4179383795285729,-0.5069608917800194,0
-0.3688991504315866,-0.3926900734100232,0.14096033150936624,-0.7433346876014802,-1.6679472892431306,-0.6087806538013547,-1.3244449721774418,-1.7706108848543136,1.1679691561617414,-1.532716968496551,-1.0495218424706538,0.8828892404443462,-1.3644420572745384,2.3926972228010794,-0.5069608917800194,0
0.0803221743306126,0.13661229468666536,-0.8568904362806212,-0.7433346876014802,-0.6254533206726854,-0.6087806538013547,-0.3545474290311662,-0.8075894971020432,-1.1005052337841676,0.3076760238114366,0.9791347488438794,0.06361946232408497,0.7329003050503234,-0.4179383795285729,1.9725387425622574,0
-1.6637135570991022,1.4220609029214804,1.438506893038326,0.7714913045560816,-0.2779553311492037,0.566064150161663,-0.43537222429335587,-0.0853234562878403,0.033731961188786734,-0.7225918235571498,1.317244180729635,-0.4825603897560892,0.7329003050503234,-0.4179383795285729,-0.5069608917800194,0
0.9259152562359289,-1.526909433617213,1.0536702488053276,-0.7433346876014802,1.6332836112299458,-0.6087806538013547,1.7468972477857645,1.2789568430278764,-1.1005052337841676,0.6599043476981328,-1.3876312743564092,-0.027410513022610727,0.7329003050503234,-0.4179383795285729,-0.5069608917800194,0
1.1901630943313402,-0.2414608253823979,1.2716308260700346,0.7714913045560816,0.1998544044455837,0.6835486305579647,-0.031248247982407634,0.396187237588295,-1.1005052337841676,0.08753332138225146,-0.035193546813387155,-0.20947046371600211,-1.3644420572745384,-0.4179383795285729,1.9725387425622574,0
-1.0999848358288913,-0.6195339454514611,-0.08721714781462407,-0.7433346876014802,1.7201581086108164,-0.6087806538013547,1.8277220430479542,1.3592086253405655,-1.1005052337841676,-0.06216371626959442,0.3029158850723684,0.8828892404443462,0.7329003050503234,-0.4179383795285729,-0.5069608917800194,0
1.1549300492519519,-0.6195339454514611,0.7131068468292225,2.2863172967136434,-0.7123278180535558,1.7874419785388518,-1.4052697674396315,0.396187237588295,-0.34434710380219813,-0.335140667281784,0.3029158850723684,0.6097993144042592,-1.3644420572745384,-0.4179383795285729,1.9725387425622574,0
0.5912013279817412,-1.3756801855895877,-0.3426396992967028,-0.7433346876014802,0.4170406478977598,-0.6087806538013547,0.6153501141151095,0.15543189065022733,-1.1005052337841676,-1.1804886446098548,0.3029158850723684,-0.9377102664895677,0.7329003050503234,-0.4179383795285729,-0.5069608917800194,0
0.4150361025848003,1.1952170308800425,1.4827801352952197,2.2863172967136434,-0.7123278180535558,0.48072559653549163,-0.9203209958664937,-0.32607880322590793,0.41181102617977144,-1.2157114769985244,0.9791347488438794,1.4290690925245204,0.7329003050503234,-0.4179383795285729,1.9725387425622574,0
-0.853353520273174,-0.9219924415067118,-1.0612284774662841,0.7714913045560816,0.8079758861116767,-0.49129617340505294,0.9386492951638681,0.5566908022136734,-1.1005052337841676,0.9945212553904942,-1.0495218424706538,-0.3915304144093935,0.7329003050503234,-0.4179383795285729,-0.5069608917800194,0
0.1419800032195419,-0.2414608253823979,1.2682251920502736,-0.7433346876014802,1.7201581086108164,-0.6087806538013547,1.8277220430479542,1.3592086253405655,1.1679691561617414,-0.5640890778081364,-0.035193546813387155,0.15464943767078065,0.7329003050503234,-0.4179383795285729,-0.5069608917800194,0
-0.27200827646326914,-0.2414608253823979,1.2614139240107516,-0.7433346876014802,1.459534616468205,-0.6087806538013547,1.5852476572613852,1.1184532784024979,-1.1005052337841676,-1.515105552302216,-0.035193546813387155,0.8828892404443462,-1.3644420572745384,2.3926972228010794,-0.5069608917800194,0
1.57772659020461,0.13661229468666536,-0.8602960703003824,2.2863172967136434,0.04058449258065375,0.5582055682910837,-0.27372263376897654,0.396187237588295,-0.34434710380219813,1.3291381630828556,0.9791347488438794,0.9739192157910419,0.7329003050503234,-0.4179383795285729,-0.5069608917800194,0
0.8730656886168465,0.5146854147557286,0.40319415103096706,-0.7433346876014802,1.8070326059916868,-0.6087806538013547,1.9085468383101438,1.4394604076532547,-1.1005052337841676,0.6951271800868024,0.3029158850723684,-0.6646203404494806,-1.3644420572745384,-0.4179383795285729,-0.5069608917800194,0
0.20363783210847122,0.5903000387695413,-0.44480871988953424,-0.7433346876014802,1.5464091138490754,-0.6087806538013547,1.6660724525235748,1.198705060715187,1.1679691561617414,1.0649669201678333,-0.3733029786991427,0.6097993144042592,0.7329003050503234,-0.4179383795285729,1.9725387425622574,0
-0.8005039526540918,0.8927585348247918,0.43725049122857756,-0.7433346876014802,-1.6679472892431306,-0.6087806538013547,-1.3244449721774418,-1.7706108848543136,-1.1005052337841676,-0.8546774450146608,0.3029158850723684,0.06361946232408497,0.7329003050503234,-0.4179383795285729,-0.5069608917800194,0
-0.6243387272571509,1.497675526935293,1.639439300204228,0.7714913045560816,-0.9729513101961672,1.2709710325394732,-1.3244449721774418,-0.48658236785128633,0.033731961188786734,-0.4848377049336299,-1.3876312743564092,0.42773936371086774,0.7329003050503234,-0.4179383795285729,-0.5069608917800194,0
-1.6901383409086432,0.13661229468666536,-0.8534848022608602,0.7714913045560816,0.7645386374212415,-0.6087806538013547,0.9386492951638681,0.4764390199009842,-1.1005052337841676,-1.1100429798325155,0.9791347488438794,-0.3005004390626978,0.7329003050503234,-0.4179383795285729,-0.5069608917800194,0
0.9523400400454699,-1.0732216895343372,1.0672927848843716,0.7714913045560816,-0.5820160719822502,2.3283313561061894,-1.3244449721774418,0.23568367296291654,0.033731961188786734,-1.0660144393466786,-1.3876312743564092,0.24567941301747637,0.7329003050503234,-0.4179383795285729,-0.5069608917800194,0
-0.3953239342411278,-0.9219924415067118,0.539419511821409,-0.7433346876014802,0.9382876321829824,-0.6087806538013547,1.1002988856882474,0.6369425845263627,-1.1005052337841676,0.41334452097744545,-1.0495218424706538,0.42773936371086774,0.7329003050503234,-0.4179383795285729,-0.5069608917800194,0
1.533685283855375,0.7415292867971666,0.8220871354615762,0.7714913045560816,0.9817248808734176,-0.25632721261244945,1.0194740904260577,0.7974461491517411,0.033731961188786734,0.43095593717178027,-0.035193546813387155,1.1559791664844332,0.7329003050503234,-0.4179383795285729,-0.5069608917800194,0
1.6481926803633864,0.21222691870047802,0.2261011820033925,0.7714913045560816,-0.7123278180535558,0.3310951893690594,-0.7586714053421144,-0.5668341501639755,-1.1005052337841676,-1.4798827199135467,-1.3876312743564092,1.520099067871216,-1.3644420572745384,2.3926972228010794,-0.5069608917800194,0
-1.284958322495679,-0.16584620136858524,-0.9658707249129749,-0.7433346876014802,-1.5810727918622602,-0.6087806538013547,-1.2436201769152524,-1.6903591025416245,-1.1005052337841676,-0.3967806239619558,1.317244180729635,-0.3915304144093935,-1.3644420572745384,-0.4179383795285729,1.9725387425622574,0
-1.258533538686138,-0.16584620136858524,0.6279659963351963,0.7714913045560816,0.6776641400403711,1.2709710325394732,0.2112261378041613,1.0382014960898087,1.1679691561617414,-0.37036349967045357,1.317244180729635,0.9739192157910419,-1.3644420572745384,-0.4179383795285729,1.9725387425622574,0
-0.41294045678082186,-1.526909433617213,0.2465349861219588,-0.7433346876014802,1.3726601190873347,-0.6087806538013547,1.5044228619991955,1.0382014960898087,-1.1005052337841676,1.4700294926375341,-1.3876312743564092,-0.3915304144093935,0.7329003050503234,-0.4179383795285729,-0.5069608917800194,0
0.6088178505214352,1.2708316548938552,-1.4188200495411945,-0.7433346876014802,-1.5810727918622602,-0.6087806538013547,-1.2436201769152524,-1.6903591025416245,1.1679691561617414,1.3467495792771904,1.317244180729635,0.5187693390575635,0.7329003050503234,-0.4179383795285729,-0.5069608917800194,0
0.13317174194969486,-0.2414608253823979,-1.122529889821983,0.7714913045560816,-0.3648298285300741,2.915753758087698,-1.3244449721774418,0.6369425845263627,0.033731961188786734,-0.5728947859053038,-0.035193546813387155,-1.2108001925296548,0.7329003050503234,-0.4179383795285729,-0.5069608917800194,0
0.8290243822676113,-0.014616953340959946,0.9276617900741687,-0.7433346876014802,-1.3204492997196489,-0.6087806538013547,-1.0011457911286834,-1.4496037556035568,-1.1005052337841676,0.21081323474259514,-1.0495218424706538,0.06361946232408497,0.7329003050503234,-0.4179383795285729,1.9725387425622574,0
-0.8797783040827152,1.2708316548938552,0.9855575684101066,-0.7433346876014802,1.0251621295638529,-0.6087806538013547,1.181123680950437,0.7171943668390518,1.1679691561617414,0.034699072799247034,1.317244180729635,-0.5735903651027849,-1.3644420572745384,-0.4179383795285729,1.9725387425622574,0
-0.09584305106632827,-0.8463778174928991,1.1388110992993536,-0.7433346876014802,-1.3204492997196489,-0.6087806538013547,-1.0011457911286834,-1.4496037556035568,-1.1005052337841676,1.0385497958763312,-0.035193546813387155,0.24567941301747637,0.7329003050503234,-0.4179383795285729,-0.5069608917800194,0
0.9082987336962347,-1.6025240576310256,0.610937826236391,-0.7433346876014802,-0.19108083376833326,-0.6087806538013547,0.04957654727978201,-0.40633058553859713,-1.1005052337841676,1.2146639578196792,1.317244180729635,-0.3915304144093935,0.7329003050503234,-0.4179383795285729,-0.5069608917800194,0
-0.46579002439990413,-0.2414608253823979,-0.32901716321765856,-0.7433346876014802,1.285785621706464,-0.6087806538013547,1.423598066737006,0.9579497137771195,-1.1005052337841676,1.0913840444593357,-0.035193546813387155,-0.6646203404494806,0.7329003050503234,-0.4179383795285729,-0.5069608917800194,0
-1.3818491964639967,-0.3170754493962106,-1.0339834053081958,-0.7433346876014802,1.1120366269447233,-0.6087806538013547,1.2619484762126267,0.7974461491517411,1.1679691561617414,1.646143654580882,-1.0495218424706538,-1.392860143223046,0.7329003050503234,-0.4179383795285729,-0.5069608917800194,0
1.0756556978233285,1.3464462789076679,-0.638929859015914,-0.7433346876014802,1.1989111243255937,-0.6087806538013547,1.3427732714748164,0.8776979314644302,-1.1005052337841676,-1.3477970984560355,-1.7257407062421648,0.06361946232408497,-1.3644420572745384,2.3926972228010794,-0.5069608917800194,0
1.2430126619504225,0.665914662783354,-0.4175636477314459,0.7714913045560816,-0.45170432591094456,0.09612622857645578,-0.43537222429335587,-0.40633058553859713,0.033731961188786734,-1.4182427632333747,0.6410253169581239,1.6111290432179117,0.7329003050503234,2.3926972228010794,-0.5069608917800194,0
-0.1839256637647987,0.5146854147557286,0.41000541907048915,-0.7433346876014802,-1.6679472892431306,-0.6087806538013547,-1.3244449721774418,-1.7706108848543136,1.1679691561617414,1.2410810821111815,0.3029158850723684,-0.3005004390626978,-1.3644420572745384,-0.4179383795285729,-0.5069608917800194,0
-0.3600908891617396,-1.6025240576310256,1.4044505528407156,-0.7433346876014802,1.459534616468205,-0.6087806538013547,1.5852476572613852,1.1184532784024979,-1.1005052337841676,0.9240755906131549,1.317244180729635,0.24567941301747637,0.7329003050503234,-0.4179383795285729,-0.5069608917800194,0
-0.5891056821777627,0.665914662783354,1.1830843415562473,-0.7433346876014802,-1.8416962840048716,-0.6087806538013547,-1.4860945627018212,-1.9311144494796921,1.1679691561617414,1.38197241166586,0.6410253169581239,-0.027410513022610727,-1.3644420572745384,-0.4179383795285729,-0.5069608917800194,0
1.0051896076645521,-0.5439193214376485,-1.2178876423752925,-0.7433346876014802,1.3726601190873347,-0.6087806538013547,1.5044228619991955,1.0382014960898087,1.1679691561617414,-0.6873689911684802,0.6410253169581239,-1.6659500692631333,0.7329003050503234,-0.4179383795285729,1.9725387425622574,0
1.2253961394107282,0.665914662783354,-1.2144820083555314,2.2863172967136434,0.09850082416790173,-0.4169293006900531,0.2112261378041613,-0.0853234562878403,0.41181102617977144,-1.4358541794277095,0.6410253169581239,0.15464943767078065,0.7329003050503234,2.3926972228010794,-0.5069608917800194,0
0.3886113187752591,1.1952170308800425,-1.7048933072011225,0.7714913045560816,-0.14764358507789804,2.7982692776913964,-1.081970586390873,0.7974461491517411,-1.1005052337841676,-1.2421286012900266,0.9791347488438794,-0.11844048836930643,0.7329003050503234,-0.4179383795285729,1.9725387425622574,0
0.8378326435374583,-0.014616953340959946,-0.6661749311740025,2.2863172967136434,0.4749569794850059,1.0719729791729773,-0.27372263376897654,0.7171943668390518,1.1679691561617414,0.21961894283976255,-1.0495218424706538,0.15464943767078065,0.7329003050503234,-0.4179383795285729,1.9725387425622574,0
0.6352426343309764,1.2708316548938552,-1.4120087815016724,0.7714913045560816,-0.40826707722050937,0.9185175913505677,-0.6778466100799247,-0.0853234562878403,1.1679691561617414,0.9064641744188201,1.317244180729635,-1.483890118569742,0.7329003050503234,-0.4179383795285729,-0.5069608917800194,0
0.9435317787756229,-1.0732216895343372,-1.323462296987885,-0.7433346876014802,-1.0598258075770377,-0.6087806538013547,-0.7586714053421144,-1.2088484086654891,-1.1005052337841676,-1.074820147443846,-1.3876312743564092,-1.119770217182959,0.7329003050503234,-0.4179383795285729,-0.5069608917800194,0
-1.5756309444006316,1.2708316548938552,0.17842230572673778,-0.7433346876014802,0.5039151452786302,-0.6087806538013547,0.6961749093772992,0.23568367296291654,1.1679691561617414,-1.3654085146503703,1.317244180729635,-0.5735903651027849,-1.3644420572745384,2.3926972228010794,-0.5069608917800194,0
-0.3424743666220455,1.1952170308800425,-1.7423552814184942,-0.7433346876014802,0.5039151452786302,-0.6087806538013547,0.6961749093772992,0.23568367296291654,1.1679691561617414,1.6725607788723844,0.9791347488438794,0.7008292897509548,0.7329003050503234,-0.4179383795285729,-0.5069608917800194,0
0.18602130956877713,-1.300065561575775,0.4202223211297723,-0.7433346876014802,-0.2779553311492037,-0.6087806538013547,-0.031248247982407634,-0.48658236785128633,1.1679691561617414,0.20200752664542773,0.3029158850723684,-0.027410513022610727,0.7329003050503234,-0.4179383795285729,1.9725387425622574,0
-0.9942857005907267,1.0439877828524171,-1.0918791836441337,0.7714913045560816,0.37360339920732455,2.7982692776913964,-0.5970218148177351,1.2789568430278764,0.033731961188786734,1.4964466169290362,-0.7114124105848982,-1.2108001925296548,0.7329003050503234,-0.4179383795285729,-0.5069608917800194,1
-0.7124213399556214,0.13661229468666536,1.5236477435323523,2.2863172967136434,-0.5096206574981913,1.0049390010992705,-0.9203209958664937,0.15543189065022733,1.1679691561617414,0.730350012475472,0.9791347488438794,2.794518722724956,-1.3644420572745384,-0.4179383795285729,-0.5069608917800194,1
-1.3289996288449144,1.1196024068662298,1.3397435064652556,0.7714913045560816,0.33016615051688936,0.8010331109542662,0.04957654727978201,0.5566908022136734,0.033731961188786734,-1.770471087120071,-1.0495218424706538,0.15464943767078065,-1.3644420572745384,2.3926972228010794,-0.5069608917800194,0
-0.9326278717017974,-1.300065561575775,-0.3835073075338354,0.7714913045560816,0.37360339920732455,1.8583934345209816,-0.27372263376897654,0.9579497137771195,-1.1005052337841676,-1.708831130439899,0.3029158850723684,-0.027410513022610727,-1.3644420572745384,2.3926972228010794,-0.5069608917800194,0
1.1196970041725638,1.0439877828524171,-1.0816622815848504,-0.7433346876014802,-0.45170432591094456,-0.6087806538013547,-0.19289783850678693,-0.6470859324766648,1.1679691561617414,-0.27350071060161213,-0.7114124105848982,-1.756980044609829,0.7329003050503234,-0.4179383795285729,-0.5069608917800194,0
1.6746174641729275,-0.0902315773547726,0.7710026251651604,-0.7433346876014802,0.4170406478977598,-0.6087806538013547,0.6153501141151095,0.15543189065022733,-1.1005052337841676,-0.6521461587798105,0.6410253169581239,-0.4825603897560892,-1.3644420572745384,-0.4179383795285729,-0.5069608917800194,0
-0.7036130786857743,-0.9976070655205245,0.9174448880148856,0.7714913045560816,0.5473523939690654,2.3283313561061894,-0.27372263376897654,1.2789568430278764,0.033731961188786734,-0.44961487254496024,-1.0495218424706538,0.24567941301747637,0.7329003050503234,-0.4179383795285729,-0.5069608917800194,0
-0.22796697011403394,-1.8293679296724636,0.21588427994410933,0.7714913045560816,0.6342268913499359,2.3283313561061894,-0.19289783850678693,1.3592086253405655,0.033731961188786734,-0.9779573583750045,-1.7257407062421648,-0.3915304144093935,0.7329003050503234,-0.4179383795285729,-0.5069608917800194,0
1.1989713556011872,-0.2414608253823979,-0.32220589517813647,0.7714913045560816,-0.14764358507789804,-0.49129617340505294,0.04957654727978201,-0.32607880322590793,1.1679691561617414,0.09633902947941887,-0.035193546813387155,-0.11844048836930643,-1.3644420572745384,-0.4179383795285729,1.9725387425622574,0
-1.6284805120197139,1.3464462789076679,0.16139413562793253,0.7714913045560816,-1.3204492997196489,-0.3738116930087511,-1.081970586390873,-1.3693519732908677,0.033731961188786734,0.8712413420301505,-1.7257407062421648,1.1559791664844332,0.7329003050503234,-0.4179383795285729,1.9725387425622574,0
-1.267341799955985,-0.16584620136858524,-0.16895236428888927,0.7714913045560816,-1.2770120510292138,-0.25632721261244945,-1.081970586390873,-1.2891001909781785,-1.1005052337841676,-0.379169207767621,1.317244180729635,1.0649491911377376,-1.3644420572745384,-0.4179383795285729,1.9725387425622574,0
-0.1398843574155635,1.1952170308800425,0.6892674086908952,-0.7433346876014802,1.1120366269447233,-0.6087806538013547,1.2619484762126267,0.7974461491517411,-1.1005052337841676,0.6246815153094631,0.9791347488438794,2.339368845991477,-1.3644420572745384,-0.4179383795285729,-0.5069608917800194,0
0.3005287060767887,-0.9976070655205245,-1.4801214618968932,0.7714913045560816,0.33016615051688936,2.6807847972950944,-0.5970218148177351,1.198705060715187,1.1679691561617414,-0.14141508914410106,-1.0495218424706538,-1.6659500692631333,0.7329003050503234,-0.4179383795285729,-0.5069608917800194,0
-0.6507635110666921,1.1196024068662298,0.5462307798609312,2.2863172967136434,0.7355804716276172,0.24382540903780195,0.4537005235907302,0.7974461491517411,0.41181102617977144,-0.28230641869877954,-1.0495218424706538,-0.027410513022610727,0.7329003050503234,-0.4179383795285729,-0.5069608917800194,0
1.3134787521091988,0.7415292867971666,-0.775155219806356,0.7714913045560816,-1.6679472892431306,-0.13884273221614765,-1.4860945627018212,-1.6101073202289353,0.033731961188786734,-1.682414006148397,-0.035193546813387155,0.6097993144042592,-1.3644420572745384,2.3926972228010794,-0.5069608917800194,0
1.1285052654424108,1.0439877828524171,1.3090928002874063,-0.7433346876014802,-0.017331839006592388,-0.6087806538013547,0.2112261378041613,-0.24582702091321873,-1.1005052337841676,-0.2646950025044447,-0.7114124105848982,-0.3915304144093935,0.7329003050503234,-0.4179383795285729,-0.5069608917800194,0
-0.060610005986940094,-0.6951485694652738,-0.4822706941069058,-0.7433346876014802,-1.8416962840048716,-0.6087806538013547,-1.4860945627018212,-1.9311144494796921,-1.1005052337841676,1.2674982064026836,-0.035193546813387155,0.42773936371086774,0.7329003050503234,-0.4179383795285729,-0.5069608917800194,0
1.586534851474457,0.13661229468666536,-0.06337770967629672,-0.7433346876014802,0.5907896426595006,-0.6087806538013547,0.7769997046394888,0.31593545527560574,-1.1005052337841676,1.337943871180023,0.9791347488438794,0.8828892404443462,0.7329003050503234,-0.4179383795285729,-0.5069608917800194,0
1.4456026711569043,-0.7707631934790865,-1.6061299206280522,0.7714913045560816,0.5039151452786302,2.445815836502491,-0.3545474290311662,1.2789568430278764,-1.1005052337841676,-1.6383854656625598,0.6410253169581239,0.7918592650976506,0.7329003050503234,2.3926972228010794,-0.5069608917800194,0
-0.47459828566975115,-0.2414608253823979,1.2648195580305126,0.7714913045560816,-0.2779553311492037,2.915753758087698,-1.2436201769152524,0.7171943668390518,1.1679691561617414,1.0825783363621682,-0.035193546813387155,-0.7556503157961763,0.7329003050503234,-0.4179383795285729,-0.5069608917800194,0
0.009856084171836255,-0.0902315773547726,-0.8160228280434887,-0.7433346876014802,1.5464091138490754,-0.6087806538013547,1.6660724525235748,1.198705060715187,1.1679691561617414,-0.04455230007525961,0.6410253169581239,0.42773936371086774,0.7329003050503234,-0.4179383795285729,-0.5069608917800194,0
1.5248770225855277,0.7415292867971666,-1.5686679464106805,-0.7433346876014802,1.1989111243255937,-0.6087806538013547,1.3427732714748164,0.8776979314644302,1.1679691561617414,0.42215022907461286,-0.035193546813387155,-0.20947046371600211,0.7329003050503234,-0.4179383795285729,-0.5069608917800194,0
1.6570009416332334,1.497675526935293,1.64625056824375,-0.7433346876014802,-0.10420633638746282,-0.6087806538013547,0.13040134254197167,-0.32607880322590793,1.1679691561617414,-0.704980407362815,-1.3876312743564092,0.5187693390575635,0.7329003050503234,-0.4179383795285729,-0.5069608917800194,0
-1.6108639894800199,0.5146854147557286,1.1933012436155306,-0.7433346876014802,-0.8860768128152967,-0.6087806538013547,-0.5970218148177351,-1.0483448440401109,-1.1005052337841676,-1.444659887524877,0.3029158850723684,0.24567941301747637,0.7329003050503234,2.3926972228010794,-0.5069608917800194,0
1.4984522387759867,0.9683731588386045,1.080915320963416,-0.7433346876014802,-0.45170432591094456,-0.6087806538013547,-0.19289783850678693,-0.6470859324766648,1.1679691561617414,-0.19424933772710548,-0.035193546813387155,-0.4825603897560892,-1.3644420572745384,-0.4179383795285729,-0.5069608917800194,0
-0.5979139434476097,0.665914662783354,-1.2076707403160094,-0.7433346876014802,0.9382876321829824,-0.6087806538013547,1.1002988856882474,0.6369425845263627,1.1679691561617414,1.3731667035686925,0.6410253169581239,-1.392860143223046,-1.3644420572745384,-0.4179383795285729,-0.5069608917800194,0
0.159596525759236,-1.300065561575775,-1.1736144001183988,-0.7433346876014802,0.9382876321829824,-0.6087806538013547,1.1002988856882474,0.6369425845263627,1.1679691561617414,0.1755904023539255,0.3029158850723684,-1.392860143223046,0.7329003050503234,-0.4179383795285729,1.9725387425622574,0
-1.1440261421781266,1.1952170308800425,1.4555350631371313,-0.7433346876014802,0.9382876321829824,-0.6087806538013547,1.1002988856882474,0.6369425845263627,-1.1005052337841676,-0.8194546126259913,0.9791347488438794,0.6097993144042592,-1.3644420572745384,-0.4179383795285729,-0.5069608917800194,0
-0.9414361329716445,-1.300065561575775,1.2103294137143359,-0.7433346876014802,0.06954265837427805,-0.6087806538013547,0.29205093306635094,-0.1655752386005295,-1.1005052337841676,-1.7176368385370666,0.3029158850723684,-0.11844048836930643,-1.3644420572745384,2.3926972228010794,-0.5069608917800194,0
0.7849830759183761,0.8171439108109793,0.9004167179160802,-0.7433346876014802,-1.6679472892431306,-0.6087806538013547,-1.3244449721774418,-1.7706108848543136,-1.1005052337841676,-0.4143920401562906,-0.3733029786991427,1.247009141831129,-1.3644420572745384,-0.4179383795285729,-0.5069608917800194,0
-0.10465131233617532,-0.8463778174928991,-1.251943982572903,-0.7433346876014802,-1.4941982944813899,-0.6087806538013547,-1.1627953816530627,-1.6101073202289353,1.1679691561617414,1.0297440877791637,-0.035193546813387155,-1.119770217182959,0.7329003050503234,-0.4179383795285729,-0.5069608917800194,0
-0.5802974209079157,0.665914662783354,-0.4107523796919238,0.7714913045560816,0.7211013887308063,1.623424473728379,0.13040134254197167,1.198705060715187,0.033731961188786734,1.3907781197630273,0.6410253169581239,0.06361946232408497,-1.3644420572745384,-0.4179383795285729,-0.5069608917800194,0
1.568918328934763,0.13661229468666536,0.7335406509477889,-0.7433346876014802,-1.146700304957908,-0.6087806538013547,-0.8394962006043041,-1.2891001909781785,1.1679691561617414,1.320332454985688,0.9791347488438794,0.8828892404443462,0.7329003050503234,-0.4179383795285729,-0.5069608917800194,0
0.9963813463947052,0.2878415427142907,0.5700702179992585,2.2863172967136434,-0.5675369890854387,3.040179630524588,-1.4052697674396315,1.2789568430278764,0.41181102617977144,0.5190130181434544,-1.7257407062421648,1.3380391171778248,0.7329003050503234,-0.4179383795285729,-0.5069608917800194,0
1.5160687613156807,0.9683731588386045,0.2839969603393303,0.7714913045560816,0.28672890182645416,-0.021358251819845898,0.29205093306635094,0.23568367296291654,0.033731961188786734,-0.1766379215327707,-0.035193546813387155,-0.4825603897560892,-1.3644420572745384,-0.4179383795285729,-0.5069608917800194,0
-0.28962479900296323,1.4220609029214804,-0.1655467302691282,-0.7433346876014802,1.459534616468205,-0.6087806538013547,1.5852476572613852,1.1184532784024979,-1.1005052337841676,-0.0005237595894225826,1.317244180729635,0.24567941301747637,0.7329003050503234,-0.4179383795285729,-0.5069608917800194,1
-1.5668226831307845,-1.753753305658651,-0.8330509981422939,-0.7433346876014802,-0.7992023154344263,-0.6087806538013547,-0.5161970195555455,-0.9680930617274216,1.1679691561617414,-0.8018431964316565,0.9791347488438794,-0.11844048836930643,-1.3644420572745384,-0.4179383795285729,-0.5069608917800194,0
0.49431045401342366,-0.3926900734100232,0.951501228212496,0.7714913045560816,0.851413134802112,-0.6087806538013547,1.0194740904260577,0.5566908022136734,-1.1005052337841676,0.1491732780624233,-1.0495218424706538,0.06361946232408497,0.7329003050503234,-0.4179383795285729,1.9725387425622574,0
1.33990353591874,1.497675526935293,-1.5516397763118754,0.7714913045560816,0.1998544044455837,2.563300316898793,-0.6778466100799247,1.0382014960898087,1.1679691561617414,-0.9515402340835023,-1.3876312743564092,-1.3018301678763504,0.7329003050503234,-0.4179383795285729,-0.5069608917800194,0
0.8994904724263877,-1.6025240576310256,-0.1859805343876945,-0.7433346876014802,1.0251621295638529,-0.6087806538013547,1.181123680950437,0.7171943668390518,1.1679691561617414,1.2058582497225119,1.317244180729635,-0.3005004390626978,0.7329003050503234,-0.4179383795285729,-0.5069608917800194,0
-0.1222678348758694,1.1952170308800425,-0.10765095193319037,2.2863172967136434,-0.046290004800216694,2.4382754732601852,-1.4860945627018212,0.8776979314644302,0.41181102617977144,0.642292931503798,0.9791347488438794,2.339368845991477,-1.3644420572745384,-0.4179383795285729,-0.5069608917800194,0
0.7409417695691409,1.1952170308800425,1.4623463311766534,-0.7433346876014802,1.5464091138490754,-0.6087806538013547,1.6660724525235748,1.198705060715187,1.1679691561617414,1.1794411254310098,0.9791347488438794,2.2483388706447816,0.7329003050503234,-0.4179383795285729,-0.5069608917800194,0
-0.5538726370983745,-1.6781386816448383,0.815275867422054,0.7714913045560816,1.0251621295638529,0.09612622857645578,0.9386492951638681,0.9579497137771195,-1.1005052337841676,1.1178011687508378,0.3029158850723684,0.06361946232408497,0.7329003050503234,-0.4179383795285729,-0.5069608917800194,0
1.366328319728281,1.497675526935293,0.04219694493629581,0.7714913045560816,0.7645386374212415,1.5059399933320767,0.2112261378041613,1.198705060715187,1.1679691561617414,-0.9251231097920001,-1.3876312743564092,0.06361946232408497,0.7329003050503234,-0.4179383795285729,-0.5069608917800194,0
0.5823930667118941,-1.3756801855895877,1.2511970219514683,-0.7433346876014802,-0.10420633638746282,-0.6087806538013547,0.13040134254197167,-0.32607880322590793,1.1679691561617414,-1.1892943527070223,0.3029158850723684,-1.0287402418362634,0.7329003050503234,-0.4179383795285729,-0.5069608917800194,0
-0.6155304659873039,0.43907079074191596,-0.2745270189014818,-0.7433346876014802,-1.5810727918622602,-0.6087806538013547,-1.2436201769152524,-1.6903591025416245,1.1679691561617414,-0.15902650533843588,1.6553536126153905,0.06361946232408497,0.7329003050503234,-0.4179383795285729,-0.5069608917800194,0
-0.6067222047174569,0.43907079074191596,0.5223913417226038,-0.7433346876014802,0.5907896426595006,-0.6087806538013547,0.7769997046394888,0.31593545527560574,1.1679691561617414,-0.15022079724126847,1.6553536126153905,-0.027410513022610727,0.7329003050503234,-0.4179383795285729,-0.5069608917800194,0
-1.2937665837655263,-0.7707631934790865,0.7880307952639657,-0.7433346876014802,0.5039151452786302,-0.6087806538013547,0.6961749093772992,0.23568367296291654,-1.1005052337841676,-0.9075116935976653,0.6410253169581239,1.7021590185646076,0.7329003050503234,-0.4179383795285729,-0.5069608917800194,0
-1.7782209536071136,1.4220609029214804,-0.9590594568734527,2.2863172967136434,-0.24899716535558,2.1229966848147934,-1.0011457911286834,1.0382014960898087,-0.34434710380219813,-1.3037685579701985,1.317244180729635,-2.3941898720366988,0.7329003050503234,2.3926972228010794,-0.5069608917800194,0
-1.6989466021784903,0.13661229468666536,0.740351918987311,2.2863172967136434,-1.0598258075770377,0.38810821946748103,-1.2436201769152524,-0.7273377147893539,-0.34434710380219813,-1.118848687929683,0.9791347488438794,-0.3915304144093935,0.7329003050503234,-0.4179383795285729,-0.5069608917800194,0
1.0404226527439404,0.8927585348247918,-1.1531805959998325,-0.7433346876014802,-0.3648298285300741,-0.6087806538013547,-0.11207304324459728,-0.5668341501639755,-1.1005052337841676,0.5894586829207935,0.3029158850723684,-1.5749200939164376,-1.3644420572745384,-0.4179383795285729,-0.5069608917800194,0
1.4632191936965986,-0.7707631934790865,-0.8092115600039665,2.2863172967136434,0.04058449258065375,0.49748821551283323,-0.3545474290311662,0.15543189065022733,-0.34434710380219813,-1.620774049468225,0.6410253169581239,2.2483388706447816,0.7329003050503234,2.3926972228010794,-0.5069608917800194,0
-0.6595717723365391,1.1196024068662298,1.3431491404850167,0.7714913045560816,1.242348373016029,-0.021358251819845898,1.181123680950437,1.1184532784024979,-1.1005052337841676,-0.29111212679594695,-1.0495218424706538,-0.027410513022610727,0.7329003050503234,-0.4179383795285729,-0.5069608917800194,0
0.961148301315317,-1.0732216895343372,-0.5265439363637995,0.7714913045560816,0.06954265837427805,1.0360020717468694,-0.27372263376897654,0.396187237588295,0.033731961188786734,-1.057208731249511,-1.3876312743564092,0.3367093883641721,0.7329003050503234,-0.4179383795285729,-0.5069608917800194,0
0.8466409048073055,-0.014616953340959946,0.1307434294500831,-0.7433346876014802,1.8070326059916868,-0.6087806538013547,1.9085468383101438,1.4394604076532547,1.1679691561617414,0.22842465093692993,-1.0495218424706538,0.06361946232408497,0.7329003050503234,-0.4179383795285729,1.9725387425622574,0
-0.5626808983682215,-1.6781386816448383,-1.5754792144502028,0.7714913045560816,-0.7123278180535558,-0.3738116930087511,-0.5161970195555455,-0.8075894971020432,0.033731961188786734,1.1089954606536705,0.3029158850723684,-1.3018301678763504,0.7329003050503234,-0.4179383795285729,-0.5069608917800194,0
0.10674695814015374,1.1952170308800425,-1.7287327453394499,0.7714913045560816,-1.1032630562674728,-0.49129617340505294,-0.8394962006043041,-1.2088484086654891,0.033731961188786734,0.5630415586292913,0.9791347488438794,0.06361946232408497,0.7329003050503234,-0.4179383795285729,-0.5069608917800194,0
-0.8885865653525622,-1.526909433617213,-0.5537890085218878,-0.7433346876014802,-1.754821786624001,-0.6087806538013547,-1.4052697674396315,-1.850862667167003,-1.1005052337841676,-1.7352482547314014,-1.3876312743564092,0.42773936371086774,-1.3644420572745384,2.3926972228010794,-0.5069608917800194,0
-1.646097034559408,1.3464462789076679,0.9583124962520181,-0.7433346876014802,-0.017331839006592388,-0.6087806538013547,0.2112261378041613,-0.24582702091321873,1.1679691561617414,0.8536299258358157,-1.7257407062421648,1.1559791664844332,0.7329003050503234,-0.4179383795285729,1.9725387425622574,0
0.06270565179091851,0.13661229468666536,-1.6538087969047068,-0.7433346876014802,-0.10420633638746282,-0.6087806538013547,0.13040134254197167,-0.32607880322590793,1.1679691561617414,0.2900646076171018,0.9791347488438794,-1.392860143223046,0.7329003050503234,-0.4179383795285729,1.9725387425622574,0
-1.0911765745590443,0.665914662783354,1.1898956095957696,-0.7433346876014802,-1.8416962840048716,-0.6087806538013547,-1.4860945627018212,-1.9311144494796921,1.1679691561617414,0.26364748332559956,0.6410253169581239,0.06361946232408497,0.7329003050503234,-0.4179383795285729,1.9725387425622574,0
-0.04299348344724601,0.13661229468666536,-0.1996030704667387,-0.7433346876014802,-1.3204492997196489,-0.6087806538013547,-1.0011457911286834,-1.4496037556035568,-1.1005052337841676,-0.7402032397514846,0.9791347488438794,0.8828892404443462,0.7329003050503234,-0.4179383795285729,1.9725387425622574,0
-1.3730409351941497,-0.3170754493962106,-0.23706504468411024,2.2863172967136434,-0.07524817059383915,1.6592074637306946,-0.8394962006043041,0.8776979314644302,-0.34434710380219813,1.6549493626780496,-1.0495218424706538,0.06361946232408497,0.7329003050503234,-0.4179383795285729,-0.5069608917800194,0
-0.4834065469395982,-0.8463778174928991,1.1251885632203096,0.7714913045560816,0.5473523939690654,2.0933623953135854,-0.19289783850678693,1.198705060715187,0.033731961188786734,-1.6471911737597273,-0.035193546813387155,-0.027410513022610727,-1.3644420572745384,2.3926972228010794,-0.5069608917800194,0
